SET SQL_MODE = "NO_AUTO_VALUE_ON_ZERO";
SET AUTOCOMMIT = 0;
START TRANSACTION;
SET time_zone = "+00:00";

CREATE TABLE `items` (
  `id` int(11) NOT NULL,
  `name` varchar(255) NOT NULL,
  `price` int(11) NOT NULL
) ENGINE=InnoDB DEFAULT CHARSET=latin1;


INSERT INTO `items` (`id`, `name`, `price`) VALUES
(1, 'Canon EOS', 360),
(2, 'Nikon DSLR', 400),
(3, 'Sony DSLR', 450),
(4, 'Olympus DSLR', 500),
(5, 'Titan Model #301', 1300),
(6, 'Titan Model #201', 3000),
(7, 'HMT Milan', 8000),
(8, 'Faber Luba #111', 1800),
(9, 'H&W', 800),
(10, 'Luis Phil', 1000),
(11, 'John Zok', 1500),
(12, 'Jhalsani', 1300);


CREATE TABLE `users` (
  `id` int(11) NOT NULL,
  `name` varchar(255) NOT NULL,
  `email` varchar(255) NOT NULL,
  `password` varchar(255) NOT NULL,
  `contact` varchar(255) NOT NULL,
  `city` varchar(255) NOT NULL,
  `address` varchar(255) NOT NULL
) ENGINE=InnoDB DEFAULT CHARSET=latin1;

INSERT INTO `users` (`id`, `name`, `email`, `password`, `contact`, `city`, `address`) VALUES
(1, 'Vishwa', 'vish@gmail.com', '708175b3fdb269c4ebe8e7751bb3fccd', '9283746352', 'Bengaluru', 'JP Nagar 2nd Phase'),
(2, 'Vishal', 'vishal@gmail.com', '72eea11febe23ae3dcab2bf59794c54c', '9120394750', 'Chennai', 'T Nagar'),
(3, 'Ram', 'ram@gmail.com', '1b7b4c38f626766bbdcfc895e2c514f6', '9718273679', 'Delhi', 'PMO'),
(4, 'Raj', 'raj@gmail.com', '1537c1dea8479ff52bc68336e323385f', '9281736475', 'Bengaluru', 'Basavangudi'),
(5, 'Ravi', 'ravi@gmail.com', 'f4690de2554616f5b853d35f5a7970d4', '9182712098', 'Chennai', 'abc'),
(6, 'Vishwadutt', 'vishwadutt99@gmail.com', '8231ac09972b51e692a5f515f8349a29', '9741301718', 'Bengaluru', 'Jayanagar 3rd Block');


CREATE TABLE `user_item` (
  `id` int(11) NOT NULL,
  `user_id` int(11) NOT NULL,
  `item_id` int(11) NOT NULL,
  `status` enum('Added to cart','Confirmed','','') NOT NULL,
  `date_time` datetime NOT NULL DEFAULT current_timestamp()
) ENGINE=InnoDB DEFAULT CHARSET=latin1;


INSERT INTO `user_item` (`id`, `user_id`, `item_id`, `status`, `date_time`) VALUES
(1, 1, 2, 'Confirmed', '2020-06-07 21:08:35'),
(2, 1, 10, 'Confirmed', '2020-06-07 21:08:38'),
(3, 3, 7, 'Confirmed', '2020-06-07 21:09:06'),
(4, 3, 12, 'Confirmed', '2020-06-07 21:09:10'),
(5, 5, 5, 'Confirmed', '2020-06-07 21:22:01'),
(6, 5, 1, 'Confirmed', '2020-06-07 21:22:03');

ALTER TABLE `items`
  ADD PRIMARY KEY (`id`);

ALTER TABLE `users`
  ADD PRIMARY KEY (`id`);

ALTER TABLE `user_item`
  ADD PRIMARY KEY (`id`);

ALTER TABLE `items`
  MODIFY `id` int(11) NOT NULL AUTO_INCREMENT, AUTO_INCREMENT=13;

ALTER TABLE `users`
  MODIFY `id` int(11) NOT NULL AUTO_INCREMENT, AUTO_INCREMENT=7;

ALTER TABLE `user_item`
  MODIFY `id` int(11) NOT NULL AUTO_INCREMENT, AUTO_INCREMENT=7;
